product_id,product_name,category_id,brand_id,supplier_id,warehouse_id,sku,unit_price,cost_price,stock_quantity,reorder_level,weight_kg,is_active
PROD000001,iPhone 16,CAT001,BR001,SUP001,WH002,APP-00001,822.69,641.03,215,28,0.21,True
PROD000002,iPhone 16 Pro,CAT001,BR001,SUP001,WH002,APP-00002,1182.58,901.86,114,12,4.65,True
PROD000003,MacBook Air,CAT001,BR001,SUP001,WH002,APP-00003,1900.11,1270.93,294,31,2.62,True
PROD000004,MacBook Pro,CAT001,BR001,SUP001,WH002,APP-00004,1066.79,735.32,103,27,3.48,True
PROD000005,Apple Watch Series 11,CAT001,BR001,SUP001,WH002,APP-00005,834.51,597.94,128,34,7.2,True
PROD000006,AirPods Pro,CAT001,BR001,SUP001,WH002,APP-00006,717.51,478.97,251,16,3.11,True
PROD000007,iPad Air,CAT001,BR001,SUP001,WH002,APP-00007,371.86,263.93,116,17,2.37,True
PROD000008,Galaxy S25,CAT001,BR002,SUP002,WH003,SAM-00008,1473.86,1071.53,124,37,1.5,True
PROD000009,Galaxy S25 Ultra,CAT001,BR002,SUP002,WH003,SAM-00009,1069.35,750.85,222,27,2.08,True
PROD000010,Galaxy Watch,CAT001,BR002,SUP002,WH003,SAM-00010,2308.16,1784.82,267,25,5.4,True
PROD000011,Galaxy Buds,CAT001,BR002,SUP002,WH003,SAM-00011,1034.66,700.09,58,18,2.26,True
PROD000012,Galaxy Tab,CAT001,BR002,SUP002,WH003,SAM-00012,1375.84,1006.04,184,18,5.24,True
PROD000013,WH-1000XM6 Headphones,CAT001,BR003,SUP003,WH005,SON-00013,1979.21,1349.45,266,11,7.56,True
PROD000014,PlayStation 6 Controller,CAT001,BR003,SUP003,WH005,SON-00014,1612.23,1250.83,176,21,7.79,True
PROD000015,Bravia OLED TV,CAT001,BR003,SUP003,WH005,SON-00015,442.99,337.15,33,21,4.93,True
PROD000016,Sony Soundbar,CAT001,BR003,SUP003,WH005,SON-00016,2450.73,1635.74,118,36,4.91,True
PROD000017,XPS 13,CAT001,BR004,SUP003,WH002,DEL-00017,1029.59,691.51,35,36,2.59,True
PROD000018,Inspiron 15,CAT001,BR004,SUP003,WH002,DEL-00018,1408.89,971.01,247,14,4.01,True
PROD000019,Alienware Laptop,CAT001,BR004,SUP003,WH002,DEL-00019,1862.75,1371.08,253,13,3.03,True
PROD000020,Dell Monitor,CAT001,BR004,SUP003,WH002,DEL-00020,2104.78,1597.07,239,10,3.22,True
PROD000021,Air Max Shoes,CAT002,BR005,SUP004,WH004,NIK-00021,249.62,130.41,216,55,0.92,True
PROD000022,Running Shorts,CAT002,BR005,SUP004,WH004,NIK-00022,39.37,20.46,465,74,1.59,True
PROD000023,Sports Jacket,CAT002,BR005,SUP004,WH004,NIK-00023,148.83,83.97,488,60,1.92,True
PROD000024,Training T-Shirt,CAT002,BR005,SUP004,WH004,NIK-00024,124.79,76.36,235,23,1.32,True
PROD000025,Ultraboost Shoes,CAT002,BR006,SUP005,WH002,ADI-00025,191.71,127.63,60,37,1.42,True
PROD000026,Football Jersey,CAT002,BR006,SUP005,WH002,ADI-00026,230.25,150.44,460,49,0.85,True
PROD000027,Track Pants,CAT002,BR006,SUP005,WH002,ADI-00027,24.25,15.18,194,43,0.49,True
PROD000028,Running Shoes,CAT002,BR007,SUP005,WH002,PUM-00028,183.96,100.25,483,39,1.3,True
PROD000029,Gym Hoodie,CAT002,BR007,SUP005,WH002,PUM-00029,24.58,11.95,247,72,0.5,True
PROD000030,Sports Cap,CAT002,BR007,SUP005,WH002,PUM-00030,58.59,37.11,377,56,1.73,True
PROD000031,Office Chair,CAT003,BR008,SUP006,WH001,IKE-00031,383.74,285.76,48,18,20.07,True
PROD000032,Dining Table,CAT003,BR008,SUP006,WH001,IKE-00032,403.06,271.86,37,18,23.61,True
PROD000033,Bookshelf,CAT003,BR008,SUP006,WH001,IKE-00033,132.77,80.79,31,19,9.89,True
PROD000034,Wardrobe,CAT003,BR008,SUP006,WH001,IKE-00034,217.64,157.68,149,21,7.25,True
PROD000035,Sofa,CAT003,BR009,SUP006,WH003,HOM-00035,260.51,158.39,32,7,3.34,True
PROD000036,Coffee Table,CAT003,BR009,SUP006,WH003,HOM-00036,728.85,470.07,97,18,10.71,True
PROD000037,Bed Frame,CAT003,BR009,SUP006,WH003,HOM-00037,823.63,516.29,58,24,3.67,True
PROD000038,Dining Chair,CAT003,BR009,SUP006,WH003,HOM-00038,722.07,518.23,66,8,4.36,True
PROD000039,Python Programming,CAT004,BR010,SUP007,WH003,PEN-00039,21.85,11.53,538,39,1.48,True
PROD000040,Data Engineering Guide,CAT004,BR010,SUP007,WH003,PEN-00040,75.4,44.71,455,75,0.37,True
PROD000041,Machine Learning Basics,CAT004,BR010,SUP007,WH003,PEN-00041,58.28,23.84,577,39,1.48,True
PROD000042,Cloud Computing,CAT004,BR011,SUP007,WH005,HAR-00042,69.33,27.82,864,93,1.6,True
PROD000043,Modern SQL,CAT004,BR011,SUP007,WH005,HAR-00043,76.89,43.87,799,65,1.71,True
PROD000044,Distributed Systems,CAT004,BR011,SUP007,WH005,HAR-00044,69.08,36.8,645,63,0.53,True
PROD000045,Tennis Racket,CAT005,BR012,SUP008,WH001,WIL-00045,399.92,275.17,77,38,8.49,True
PROD000046,Basketball,CAT005,BR012,SUP008,WH001,WIL-00046,496.76,337.55,134,41,4.19,True
PROD000047,Football,CAT005,BR012,SUP008,WH001,WIL-00047,180.6,120.89,155,33,0.22,True
PROD000048,Badminton Racket,CAT005,BR013,SUP008,WH001,YON-00048,795.14,495.43,160,32,9.72,True
PROD000049,Shuttlecock Pack,CAT005,BR013,SUP008,WH001,YON-00049,670.73,367.32,66,30,2.69,True
PROD000050,Sports Bag,CAT005,BR013,SUP008,WH001,YON-00050,189.47,120.03,298,14,1.62,True
PROD000051,Face Wash,CAT006,BR014,SUP008,WH002,L'O-00051,60.08,27.24,576,50,0.79,True
PROD000052,Hair Serum,CAT006,BR014,SUP008,WH002,L'O-00052,54.13,25.2,486,33,1.09,True
PROD000053,Lipstick,CAT006,BR014,SUP008,WH002,L'O-00053,43.15,18.72,743,62,0.4,True
PROD000054,Body Lotion,CAT006,BR015,SUP008,WH004,NIV-00054,9.86,4.97,200,43,0.25,True
PROD000055,Face Cream,CAT006,BR015,SUP008,WH004,NIV-00055,111.46,64.48,531,62,0.34,True
PROD000056,Sunscreen,CAT006,BR015,SUP008,WH004,NIV-00056,65.5,32.6,525,87,0.53,True
PROD000057,Coffee,CAT007,BR016,SUP007,WH004,NES-00057,11.27,8.46,761,371,2.97,True
PROD000058,Breakfast Cereal,CAT007,BR016,SUP007,WH004,NES-00058,22.85,13.36,1242,300,3.74,True
PROD000059,Chocolate,CAT007,BR016,SUP007,WH004,NES-00059,3.97,2.2,486,256,0.31,True
PROD000060,Corn Flakes,CAT007,BR017,SUP007,WH003,KEL-00060,24.88,18.41,1347,371,1.82,True
PROD000061,Muesli,CAT007,BR017,SUP007,WH003,KEL-00061,5.29,3.0,875,362,1.26,True
PROD000062,Granola,CAT007,BR017,SUP007,WH003,KEL-00062,19.88,12.01,2557,119,0.71,True
PROD000063,City Set,CAT008,BR018,SUP006,WH005,LEG-00063,316.88,169.02,293,42,5.54,True
PROD000064,Technic Car,CAT008,BR018,SUP006,WH005,LEG-00064,323.48,150.24,250,35,0.82,True
PROD000065,Star Wars Kit,CAT008,BR018,SUP006,WH005,LEG-00065,70.46,39.91,156,26,6.83,True
PROD000066,Barbie Doll,CAT008,BR019,SUP006,WH004,MAT-00066,178.12,87.29,314,58,6.5,True
PROD000067,Hot Wheels Pack,CAT008,BR019,SUP006,WH004,MAT-00067,156.05,106.4,309,35,7.97,True
PROD000068,UNO Cards,CAT008,BR019,SUP006,WH004,MAT-00068,37.91,21.89,295,54,6.72,True
